,mes,valor total compra,valor total venda,Imposto Devido,RAbr,RAliq,Prejuizo Absoluto
0,2020-01,27157.0,5770.0,0.0,-274.7777777777773,-274.7777777777773,-274.7777777777773
1,2020-02,13039.0,6083.0,0.0,-1630.3333333333333,-1630.3333333333333,0.0
2,2020-03,9650.0,4000.0,0.0,-3166.0,-3166.0,-3166.0
3,2020-04,8962.0,0.0,0.0,0.0,0.0,0.0
4,2020-05,0.0,26083.0,3909.1499999999996,29970.15,26061.0,0.0
5,2020-06,2210.0,21600.0,247.80000000000024,1899.8000000000018,1652.0000000000016,0.0
